ruleID	txid	organism	gene	nodeID	protein accession	HMM accession	nucleotide accession	ARO accession	mutation	variation type	gene context	drug	drug class	phenotype	clinical category	breakpoint	breakpoint standard	breakpoint condition	PMID	evidence code	evidence grade	evidence limitations	rule curation note
ECO0001	562	s__Escherichia coli	blaEC	blaEC	-	NF000185.2	-	ARO:3005406	-	Gene presence detected	core	-	penicillin beta-lactam	wildtype	S	not applicable	EUCAST v15.0 (2025)	-	6795623, 12821459	ECO:0001103 natural variation mutant evidence	high	-	Core gene, not inducing resistance in normal conditions due to low expression level. Very common in E. coli (96.5%, n=199920/207180), including all Clermont clades and Shigella spp; based on Enterobase as at October 2024.
ECO0002	562	s__Escherichia coli	blaEC	blaEC	-	NF000185.2	-	ARO:3005406	-	Gene presence detected	core	ampicillin	-	wildtype	S	MIC <=8 mg/L	EUCAST v15.0 (2025)	-	6795623, 12821459	ECO:0001103 natural variation mutant evidence	high	-	Core gene, not inducing resistance in normal conditions due to low expression level. Very common in E. coli (96.5%, n=199920/207180), including all Clermont clades and Shigella spp; based on Enterobase as at October 2024.
ECO0003	562	s__Escherichia coli	blaEC	blaEC	-	NF000185.2	-	ARO:3005406	-	Gene presence detected	core	amoxicillin	-	wildtype	S	MIC <=8 mg/L	EUCAST v15.0 (2025)	-	6795623	ECO:0001103 natural variation mutant evidence	high	-	Core gene, not inducing resistance in normal conditions due to low expression level. Very common in E. coli (96.5%, n=199920/207180), including all Clermont clades and Shigella spp; based on Enterobase as at October 2024.
ECO0004	562	s__Escherichia coli	blaEC	blaEC	-	NF000185.2	-	ARO:3005406	-	Gene presence detected	core	piperacillin	-	wildtype	S	MIC <=8 mg/L	EUCAST v15.0 (2025)	-	6795623	ECO:0001103 natural variation mutant evidence	high	-	Core gene, not inducing resistance in normal conditions due to low expression level. Very common in E. coli (96.5%, n=199920/207180), including all Clermont clades and Shigella spp; based on Enterobase as at October 2024.
ECO0005	562	s__Escherichia coli	blaEC	blaEC	-	NF000185.2	-	ARO:3005406	-	Gene presence detected	core	-	first-generation cephalosporin	wildtype	S	not applicable	ECOFF (May 2025)	-	6795623, 12821459	ECO:0001103 natural variation mutant evidence	high	-	Core gene, not inducing resistance in normal conditions due to low expression level. Very common in E. coli (96.5%, n=199920/207180), including all Clermont clades and Shigella spp; based on Enterobase as at October 2024.
ECO0006	562	s__Escherichia coli	blaEC	blaEC	-	NF000185.2	-	ARO:3005406	-	Gene presence detected	core	cefazolin	-	wildtype	I	MIC <=4 mg/L	EUCAST v15.0 (2025)	-	6795623, 12821459	ECO:0001103 natural variation mutant evidence	high	-	Core gene, not inducing resistance in normal conditions due to low expression level. Very common in E. coli (96.5%, n=199920/207180), including all Clermont clades and Shigella spp; based on Enterobase as at October 2024.
ECO0007	562	s__Escherichia coli	blaEC	blaEC	-	NF000185.2	-	ARO:3005406	-	Gene presence detected	core	-	second-generation cephalosporin	wildtype	S	not applicable	EUCAST v15.0 (2025)	-	6795623, 12821459	ECO:0001103 natural variation mutant evidence	high	-	Core gene, not inducing resistance in normal conditions due to low expression level. Very common in E. coli (96.5%, n=199920/207180), including all Clermont clades and Shigella spp; based on Enterobase as at October 2024.
ECO0008	562	s__Escherichia coli	blaEC	blaEC	-	NF000185.2	-	ARO:3005406	-	Gene presence detected	core	cefoxitin	-	wildtype	S	MIC <=16 mg/L	ECOFF (May 2025)	-	6795623, 12821459	ECO:0001103 natural variation mutant evidence	high	-	Core gene, not inducing resistance in normal conditions due to low expression level. Very common in E. coli (96.5%, n=199920/207180), including all Clermont clades and Shigella spp; based on Enterobase as at October 2024.
ECO0009	562	s__Escherichia coli	blaEC	blaEC	-	NF000185.2	-	ARO:3005406	-	Gene presence detected	core	cefuroxime	-	wildtype	S	MIC <=8 mg/L	EUCAST v15.0 (2025)	-	6795623	ECO:0001103 natural variation mutant evidence	high	-	Core gene, not inducing resistance in normal conditions due to low expression level. Very common in E. coli (96.5%, n=199920/207180), including all Clermont clades and Shigella spp; based on Enterobase as at October 2024.
ECO0011	562	s__Escherichia coli	blaEC	blaEC	-	NF000185.2	-	ARO:3005406	-	Gene presence detected	core	cefotaxime	-	wildtype	S	MIC <=1 mg/L	EUCAST v15.0 (2025)	-	6795623, 12821459	ECO:0001103 natural variation mutant evidence	high	-	Core gene, not inducing resistance in normal conditions due to low expression level. Very common in E. coli (96.5%, n=199920/207180), including all Clermont clades and Shigella spp; based on Enterobase as at October 2024.
ECO0012	562	s__Escherichia coli	blaEC	blaEC	-	NF000185.2	-	ARO:3005406	-	Gene presence detected	core	-	third-generation cephalosporin	wildtype	S	not applicable	EUCAST v15.0 (2025)	-	6795623, 12821459	ECO:0001103 natural variation mutant evidence	high	-	Core gene, not inducing resistance in normal conditions due to low expression level. Very common in E. coli (96.5%, n=199920/207180), including all Clermont clades and Shigella spp; based on Enterobase as at October 2024.
ECO0013	562	s__Escherichia coli	blaEC	blaEC	-	NF000185.2	-	ARO:3005406	-	Gene presence detected	core	ceftriaxone	-	wildtype	S	MIC <=1 mg/L	EUCAST v15.0 (2025)	-	6795623, 12821459	ECO:0001103 natural variation mutant evidence	high	-	Core gene, not inducing resistance in normal conditions due to low expression level. Very common in E. coli (96.5%, n=199920/207180), including all Clermont clades and Shigella spp; based on Enterobase as at October 2024.
ECO0014	562	s__Escherichia coli	blaEC	blaEC	-	NF000185.2	-	ARO:3005406	-	Gene presence detected	core	ceftazidime	-	wildtype	S	MIC <=1 mg/L	EUCAST v15.0 (2025)	-	6795623, 12821459	ECO:0001103 natural variation mutant evidence	high	-	Core gene, not inducing resistance in normal conditions due to low expression level. Very common in E. coli (96.5%, n=199920/207180), including all Clermont clades and Shigella spp; based on Enterobase as at October 2024.
ECO0015	562	s__Escherichia coli	blaEC	blaEC	-	NF000185.2	-	ARO:3005406	-	Gene presence detected	core	cefixime	-	wildtype	S	MIC <=1 mg/L	EUCAST v15.0 (2025)	-	6795623, 12821459	ECO:0001103 natural variation mutant evidence	high	-	Core gene, not inducing resistance in normal conditions due to low expression level. Very common in E. coli (96.5%, n=199920/207180), including all Clermont clades and Shigella spp; based on Enterobase as at October 2024.
ECO0016	562	s__Escherichia coli	blaEC	blaEC	-	NF000185.2	-	ARO:3005406	-	Gene presence detected	core	-	carbapenem	wildtype	S	not applicable	EUCAST v15.0 (2025)	-	6795623, 12821459	ECO:0001103 natural variation mutant evidence	high	-	Core gene, not inducing resistance in normal conditions due to low expression level. Very common in E. coli (96.5%, n=199920/207180), including all Clermont clades and Shigella spp; based on Enterobase as at October 2024.
ECO0017	562	s__Escherichia coli	blaEC	blaEC	-	NF000185.2	-	ARO:3005406	-	Gene presence detected	core	imipenem	-	wildtype	S	MIC <=2 mg/L	EUCAST v15.0 (2025)	-	6795623, 12821459	ECO:0001103 natural variation mutant evidence	high	-	Core gene, not inducing resistance in normal conditions due to low expression level. Very common in E. coli (96.5%, n=199920/207180), including all Clermont clades and Shigella spp; based on Enterobase as at October 2024.
ECO0018	562	s__Escherichia coli	blaEC	blaEC	-	NF000185.2	-	ARO:3005406	-	Gene presence detected	core	aztreonam	-	wildtype	S	MIC <=1 mg/L	EUCAST v15.0 (2025)	-	6795623, 12821459	ECO:0001103 natural variation mutant evidence	high	-	Core gene, not inducing resistance in normal conditions due to low expression level. Very common in E. coli (96.5%, n=199920/207180), including all Clermont clades and Shigella spp; based on Enterobase as at October 2024.
ECO0019	562	s__Escherichia coli	blaEC-2	-	BAC99094.1	-	-	-	-	Gene presence detected	acquired	ampicillin	-	nonwildtype	R	MIC >8 mg/L	EUCAST v15.0 (2025)	-	15215122	ECO:0001103 natural variation mutant evidence	high	-	MIC increase from 4 to >128 mg/L (PMID: 15215122)
ECO0020	562	s__Escherichia coli	blaEC-2	-	BAC99094.1	-	-	-	-	Gene presence detected	acquired	amoxicillin	-	nonwildtype	R	MIC >8 mg/L	EUCAST v15.0 (2025)	-	15215122	ECO:0001103 natural variation mutant evidence	high	-	MIC increase from 4 to >128 mg/L (PMID: 15215122)
ECO0021	562	s__Escherichia coli	blaEC-2	-	BAC99094.1	-	-	-	-	Gene presence detected	acquired	cefotaxime	-	nonwildtype	R	MIC >2 mg/L	EUCAST v15.0 (2025)	-	15215122	ECO:0001103 natural variation mutant evidence	high	-	MIC increase from 0.06 to 8 mg/L (PMID: 15215122)
ECO0022	562	s__Escherichia coli	blaEC-2	-	BAC99094.1	-	-	-	-	Gene presence detected	acquired	ceftazidime	-	nonwildtype	R	MIC >4 mg/L	EUCAST v15.0 (2025)	-	15215122	ECO:0001103 natural variation mutant evidence	high	-	MIC increase from 0.06 to 16 mg/L (PMID: 15215122)
ECO0023	562	s__Escherichia coli	blaEC-2	-	BAC99094.1	-	-	-	-	Gene presence detected	acquired	cefoxitin	-	nonwildtype	R	MIC >16 mg/L	ECOFF (May 2025)	-	15215122	ECO:0001103 natural variation mutant evidence	high	-	MIC increase from 8 to >128 mg/L (PMID: 15215122)
ECO0024	562	s__Escherichia coli	blaEC-2	-	BAC99094.1	-	-	-	-	Gene presence detected	acquired	aztreonam	-	nonwildtype	R	MIC >4 mg/L	EUCAST v15.0 (2025)	-	15215122	ECO:0001103 natural variation mutant evidence	high	-	MIC increase from 0.06 to 16 mg/L (PMID: 15215122)
ECO0025	562	s__Escherichia coli	blaEC-3	-	WP_181203065.1	-	-	-	-	Gene presence detected	acquired	amoxicillin	-	nonwildtype	R	MIC >8 mg/L	EUCAST v15.0 (2025)	-	12393205	ECO:0001103 natural variation mutant evidence	high	-	MIC increase from 4 to 512 mg/L (PMID: 12393205)
ECO0026	562	s__Escherichia coli	blaEC-3	-	WP_181203065.1	-	-	-	-	Gene presence detected	acquired	piperacillin	-	nonwildtype	R	MIC >8 mg/L	EUCAST v15.0 (2025)	-	12393205	ECO:0001103 natural variation mutant evidence	high	-	MIC increase from 2 to 32 mg/L (PMID: 12393205)
ECO0027	562	s__Escherichia coli	blaEC-3	-	WP_181203065.1	-	-	-	-	Gene presence detected	acquired	cefuroxime	-	nonwildtype	R	MIC >8 mg/L	ECOFF (May 2025)	-	12393205	ECO:0001103 natural variation mutant evidence	high	-	MIC increase from 4 to 128 mg/L (PMID: 12393205)
ECO0028	562	s__Escherichia coli	blaEC-3	-	WP_181203065.1	-	-	-	-	Gene presence detected	acquired	cefoxitin	-	nonwildtype	R	MIC >16 mg/L	ECOFF (May 2025)	-	12393205	ECO:0001103 natural variation mutant evidence	high	-	MIC increase from 2 to 64 mg/L (PMID: 12393205)
ECO0029	562	s__Escherichia coli	blaEC-3	-	WP_181203065.1	-	-	-	-	Gene presence detected	acquired	cefotaxime	-	nonwildtype	R	MIC >2 mg/L	EUCAST v15.0 (2025)	-	12393205	ECO:0001103 natural variation mutant evidence	high	-	MIC increase from 0.06 to 16 mg/L (PMID: 12393205)
ECO0030	562	s__Escherichia coli	blaEC-3	-	WP_181203065.1	-	-	-	-	Gene presence detected	acquired	ceftazidime	-	nonwildtype	R	MIC >4 mg/L	EUCAST v15.0 (2025)	-	12393205	ECO:0001103 natural variation mutant evidence	high	-	MIC increase from 0.25 to 32 mg/L (PMID: 12393205)
ECO0031	562	s__Escherichia coli	blaEC-3	-	WP_181203065.1	-	-	-	-	Gene presence detected	acquired	aztreonam	-	nonwildtype	R	MIC >4 mg/L	EUCAST v15.0 (2025)	-	12393205	ECO:0001103 natural variation mutant evidence	high	-	MIC increase from 0.06 to 16 mg/L (PMID: 12393205)
ECO0032	562	s__Escherichia coli	blaEC-4	-	WP_001352591.1	-	-	-	-	Gene presence detected	acquired	amoxicillin	-	nonwildtype	R	MIC >8 mg/L	EUCAST v15.0 (2025)	-	16801449	ECO:0001103 natural variation mutant evidence	high	-	MIC increase from 2 to >512 mg/L (PMID: 16801449)
ECO0033	562	s__Escherichia coli	blaEC-4	-	WP_001352591.1	-	-	-	-	Gene presence detected	acquired	piperacillin	-	wildtype	S	MIC <=8 mg/L	EUCAST v15.0 (2025)	-	16801449	ECO:0001103 natural variation mutant evidence	high	-	MIC increase from 2 to 8 mg/L (PMID: 16801449)
ECO0034	562	s__Escherichia coli	blaEC-4	-	WP_001352591.1	-	-	-	-	Gene presence detected	acquired	cefoxitin	-	nonwildtype	R	MIC >16 mg/L	ECOFF (May 2025)	-	16801449	ECO:0001103 natural variation mutant evidence	high	-	MIC increase from 1 to 128 mg/L (PMID: 16801449)
ECO0035	562	s__Escherichia coli	blaEC-4	-	WP_001352591.1	-	-	-	-	Gene presence detected	acquired	cefuroxime	-	nonwildtype	R	MIC >8 mg/L	ECOFF (May 2025)	-	16801449	ECO:0001103 natural variation mutant evidence	high	-	MIC increase from 0.06 to 128 mg/L (PMID: 16801449)
ECO0036	562	s__Escherichia coli	blaEC-4	-	WP_001352591.1	-	-	-	-	Gene presence detected	acquired	cefotaxime	-	wildtype	S	MIC <=1 mg/L	EUCAST v15.0 (2025)	-	16801449	ECO:0001103 natural variation mutant evidence	high	-	MIC increase from 0.06 to 0.5 mg/L (PMID: 16801449)
ECO0037	562	s__Escherichia coli	blaEC-4	-	WP_001352591.1	-	-	-	-	Gene presence detected	acquired	ceftazidime	-	wildtype	S	MIC <=1 mg/L	EUCAST v15.0 (2025)	-	16801449	ECO:0001103 natural variation mutant evidence	high	-	MIC increase from 0.06 to 1 mg/L (PMID: 16801449)
ECO0038	562	s__Escherichia coli	blaEC-4	-	WP_001352591.1	-	-	-	-	Gene presence detected	acquired	aztreonam	-	wildtype	S	MIC <=1 mg/L	EUCAST v15.0 (2025)	-	16801449	ECO:0001103 natural variation mutant evidence	high	-	No change in MIC (0.06 mg/L) (PMID: 16801449)
ECO0039	562	s__Escherichia coli	blaEC-13	blaEC-13	WP_063860228.1	-	-	-	-	Gene presence detected	acquired	amoxicillin	-	nonwildtype	R	MIC >8 mg/L	EUCAST v15.0 (2025)	-	16801449	ECO:0001103 natural variation mutant evidence	high	-	MIC increase from 2 to >512 mg/L (PMID: 16801449)
ECO0040	562	s__Escherichia coli	blaEC-13	blaEC-13	WP_063860228.1	-	-	-	-	Gene presence detected	acquired	piperacillin	-	wildtype	S	MIC <=8 mg/L	EUCAST v15.0 (2025)	-	16801449	ECO:0001103 natural variation mutant evidence	high	-	MIC increase from 2 to 8 mg/L (PMID: 16801449)
ECO0041	562	s__Escherichia coli	blaEC-13	blaEC-13	WP_063860228.1	-	-	-	-	Gene presence detected	acquired	cefoxitin	-	nonwildtype	R	MIC >16 mg/L	ECOFF (May 2025)	-	16801449	ECO:0001103 natural variation mutant evidence	high	-	MIC increase from 1 to 32 mg/L (PMID: 16801449)
ECO0042	562	s__Escherichia coli	blaEC-13	blaEC-13	WP_063860228.1	-	-	-	-	Gene presence detected	acquired	cefuroxime	-	nonwildtype	R	MIC >8 mg/L	ECOFF (May 2025)	-	16801449	ECO:0001103 natural variation mutant evidence	high	-	MIC increase from 0.06 to 128 mg/L (PMID: 16801449)
ECO0043	562	s__Escherichia coli	blaEC-13	blaEC-13	WP_063860228.1	-	-	-	-	Gene presence detected	acquired	cefotaxime	-	nonwildtype	R	MIC >2 mg/L	EUCAST v15.0 (2025)	-	16801449	ECO:0001103 natural variation mutant evidence	high	-	MIC increase from 0.06 to 16 mg/L (PMID: 16801449)
ECO0044	562	s__Escherichia coli	blaEC-13	blaEC-13	WP_063860228.1	-	-	-	-	Gene presence detected	acquired	ceftazidime	-	nonwildtype	R	MIC >4 mg/L	EUCAST v15.0 (2025)	-	16801449	ECO:0001103 natural variation mutant evidence	high	-	MIC increase from 0.06 to 512 mg/L (PMID: 16801449)
ECO0045	562	s__Escherichia coli	blaEC-13	blaEC-13	WP_063860228.1	-	-	-	-	Gene presence detected	acquired	aztreonam	-	nonwildtype	R	MIC >4 mg/L	EUCAST v15.0 (2025)	-	16801449	ECO:0001103 natural variation mutant evidence	high	-	MIC increase from 0.06 to 16 mg/L (PMID: 16801449)
ECO0046	562	s__Escherichia coli	blaEC-14	blaEC-14	WP_063860233.1	-	-	-	-	Gene presence detected	acquired	amoxicillin	-	nonwildtype	R	MIC >8 mg/L	EUCAST v15.0 (2025)	-	16801449	ECO:0001103 natural variation mutant evidence	high	-	MIC increase from 2 to >512 mg/L (PMID: 16801449)
ECO0047	562	s__Escherichia coli	blaEC-14	blaEC-14	WP_063860233.1	-	-	-	-	Gene presence detected	acquired	piperacillin	-	nonwildtype	R	MIC >8 mg/L	EUCAST v15.0 (2025)	-	16801449	ECO:0001103 natural variation mutant evidence	high	-	MIC increase from 2 to 128 mg/L (PMID: 16801449)
ECO0048	562	s__Escherichia coli	blaEC-14	blaEC-14	WP_063860233.1	-	-	-	-	Gene presence detected	acquired	cefoxitin	-	nonwildtype	R	MIC >16 mg/L	ECOFF (May 2025)	-	16801449	ECO:0001103 natural variation mutant evidence	high	-	MIC increase from 1 to 256 mg/L (PMID: 16801449)
ECO0049	562	s__Escherichia coli	blaEC-14	blaEC-14	WP_063860233.1	-	-	-	-	Gene presence detected	acquired	cefuroxime	-	nonwildtype	R	MIC >8 mg/L	ECOFF (May 2025)	-	16801449	ECO:0001103 natural variation mutant evidence	high	-	MIC increase from 0.06 to 256 mg/L (PMID: 16801449)
ECO0050	562	s__Escherichia coli	blaEC-14	blaEC-14	WP_063860233.1	-	-	-	-	Gene presence detected	acquired	cefotaxime	-	nonwildtype	R	MIC >2 mg/L	EUCAST v15.0 (2025)	-	16801449	ECO:0001103 natural variation mutant evidence	high	-	MIC increase from 0.06 to 16 mg/L (PMID: 16801449)
ECO0051	562	s__Escherichia coli	blaEC-14	blaEC-14	WP_063860233.1	-	-	-	-	Gene presence detected	acquired	ceftazidime	-	nonwildtype	R	MIC >4 mg/L	EUCAST v15.0 (2025)	-	16801449	ECO:0001103 natural variation mutant evidence	high	-	MIC increase from 0.06 to 512 mg/L (PMID: 16801449)
ECO0052	562	s__Escherichia coli	blaEC-14	blaEC-14	WP_063860233.1	-	-	-	-	Gene presence detected	acquired	aztreonam	-	nonwildtype	R	MIC >4 mg/L	EUCAST v15.0 (2025)	-	16801449	ECO:0001103 natural variation mutant evidence	high	-	MIC increase from 0.06 to 16 mg/L (PMID: 16801449)
ECO0053	562	s__Escherichia coli	blaEC-15	blaEC-15	WP_063610930.1	-	-	-	-	Gene presence detected	acquired	amoxicillin	-	nonwildtype	R	MIC >8 mg/L	EUCAST v15.0 (2025)	-	16801449	ECO:0001103 natural variation mutant evidence	high	-	MIC increase from 2 to >512 mg/L (PMID: 16801449)
ECO0054	562	s__Escherichia coli	blaEC-15	blaEC-15	WP_063610930.1	-	-	-	-	Gene presence detected	acquired	piperacillin	-	nonwildtype	R	MIC >8 mg/L	EUCAST v15.0 (2025)	-	16801449	ECO:0001103 natural variation mutant evidence	high	-	MIC increase from 2 to 16 mg/L (PMID: 16801449)
ECO0055	562	s__Escherichia coli	blaEC-15	blaEC-15	WP_063610930.1	-	-	-	-	Gene presence detected	acquired	cefoxitin	-	wildtype	S	MIC <=16 mg/L	ECOFF (May 2025)	-	16801449	ECO:0001103 natural variation mutant evidence	high	-	MIC increase from 1 to 8 mg/L (PMID: 16801449)
ECO0056	562	s__Escherichia coli	blaEC-15	blaEC-15	WP_063610930.1	-	-	-	-	Gene presence detected	acquired	cefuroxime	-	wildtype	S	MIC <=8 mg/L	ECOFF (May 2025)	-	16801449	ECO:0001103 natural variation mutant evidence	high	-	MIC increase from 0.06 to 8 mg/L (PMID: 16801449)
ECO0057	562	s__Escherichia coli	blaEC-15	blaEC-15	WP_063610930.1	-	-	-	-	Gene presence detected	acquired	cefotaxime	-	nonwildtype	R	MIC >2 mg/L	EUCAST v15.0 (2025)	-	16801449	ECO:0001103 natural variation mutant evidence	high	-	MIC increase from 0.06 to 4 mg/L (PMID: 16801449)
ECO0058	562	s__Escherichia coli	blaEC-15	blaEC-15	WP_063610930.1	-	-	-	-	Gene presence detected	acquired	ceftazidime	-	nonwildtype	R	MIC >4 mg/L	EUCAST v15.0 (2025)	-	16801449	ECO:0001103 natural variation mutant evidence	high	-	MIC increase from 0.06 to 512 mg/L (PMID: 16801449)
ECO0059	562	s__Escherichia coli	blaEC-15	blaEC-15	WP_063610930.1	-	-	-	-	Gene presence detected	acquired	aztreonam	-	wildtype	S	MIC <=1 mg/L	EUCAST v15.0 (2025)	-	16801449	ECO:0001103 natural variation mutant evidence	high	-	MIC increase from 0.06 to 0.5 mg/L (PMID: 16801449)
ECO0060	562	s__Escherichia coli	blaEC-16	blaEC-16	WP_063860248.1	-	-	-	-	Gene presence detected	acquired	amoxicillin	-	nonwildtype	R	MIC >8 mg/L	EUCAST v15.0 (2025)	-	16801449	ECO:0001103 natural variation mutant evidence	high	-	MIC increase from 2 to >512 mg/L (PMID: 16801449)
ECO0061	562	s__Escherichia coli	blaEC-16	blaEC-16	WP_063860248.1	-	-	-	-	Gene presence detected	acquired	piperacillin	-	nonwildtype	R	MIC >8 mg/L	EUCAST v15.0 (2025)	-	16801449	ECO:0001103 natural variation mutant evidence	high	-	MIC increase from 2 to 32 mg/L (PMID: 16801449)
ECO0062	562	s__Escherichia coli	blaEC-16	blaEC-16	WP_063860248.1	-	-	-	-	Gene presence detected	acquired	cefoxitin	-	nonwildtype	R	MIC >16 mg/L	ECOFF (May 2025)	-	16801449	ECO:0001103 natural variation mutant evidence	high	-	MIC increase from 1 to 64 mg/L (PMID: 16801449)
ECO0063	562	s__Escherichia coli	blaEC-16	blaEC-16	WP_063860248.1	-	-	-	-	Gene presence detected	acquired	cefuroxime	-	nonwildtype	R	MIC >8 mg/L	ECOFF (May 2025)	-	16801449	ECO:0001103 natural variation mutant evidence	high	-	MIC increase from 0.06 to 128 mg/L (PMID: 16801449)
ECO0064	562	s__Escherichia coli	blaEC-16	blaEC-16	WP_063860248.1	-	-	-	-	Gene presence detected	acquired	cefotaxime	-	nonwildtype	R	MIC >2 mg/L	EUCAST v15.0 (2025)	-	16801449	ECO:0001103 natural variation mutant evidence	high	-	MIC increase from 0.06 to 4 mg/L (PMID: 16801449)
ECO0065	562	s__Escherichia coli	blaEC-16	blaEC-16	WP_063860248.1	-	-	-	-	Gene presence detected	acquired	ceftazidime	-	nonwildtype	R	MIC >4 mg/L	EUCAST v15.0 (2025)	-	16801449	ECO:0001103 natural variation mutant evidence	high	-	MIC increase from 0.06 to 512 mg/L (PMID: 16801449)
ECO0066	562	s__Escherichia coli	blaEC-16	blaEC-16	WP_063860248.1	-	-	-	-	Gene presence detected	acquired	aztreonam	-	wildtype	S	MIC <=1 mg/L	EUCAST v15.0 (2025)	-	16801449	ECO:0001103 natural variation mutant evidence	high	-	MIC increase from 0.06 to 1 mg/L (PMID: 16801449)
ECO0067	562	s__Escherichia coli	blaEC-18	blaEC-18	WP_063860256.1	-	-	-	-	Gene presence detected	acquired	amoxicillin	-	nonwildtype	R	MIC >8 mg/L	EUCAST v15.0 (2025)	-	15388478, 16801449	ECO:0001103 natural variation mutant evidence	high	-	MIC increase from 2 to >512 mg/L (PMID: 15388478,16801449)
ECO0068	562	s__Escherichia coli	blaEC-18	blaEC-18	WP_063860256.1	-	-	-	-	Gene presence detected	acquired	piperacillin	-	nonwildtype	R	MIC >8 mg/L	EUCAST v15.0 (2025)	-	15388478, 16801449	ECO:0001103 natural variation mutant evidence	high	-	MIC increase from 1-2 to 8-16 mg/L (PMID: 15388478,16801449)
ECO0069	562	s__Escherichia coli	blaEC-18	blaEC-18	WP_063860256.1	-	-	-	-	Gene presence detected	acquired	cefoxitin	-	nonwildtype	R	MIC >16 mg/L	ECOFF (May 2025)	-	15388478, 16801449	ECO:0001103 natural variation mutant evidence	high	-	MIC increase from 1-2 to 32-128 mg/L (PMID: 15388478,16801449)
ECO0070	562	s__Escherichia coli	blaEC-18	blaEC-18	WP_063860256.1	-	-	-	-	Gene presence detected	acquired	cefuroxime	-	nonwildtype	R	MIC >8 mg/L	ECOFF (May 2025)	-	15388478, 16801449	ECO:0001103 natural variation mutant evidence	high	-	MIC increase from 0.06-0.5 to 32-128 mg/L (PMID: 15388478,16801449)
ECO0071	562	s__Escherichia coli	blaEC-18	blaEC-18	WP_063860256.1	-	-	-	-	Gene presence detected	acquired	cefotaxime	-	nonwildtype	R	MIC >2 mg/L	EUCAST v15.0 (2025)	-	15388478, 16801449	ECO:0001103 natural variation mutant evidence	high	-	MIC increase from 0.06 to 2-8 mg/L (PMID: 15388478,16801449)
ECO0072	562	s__Escherichia coli	blaEC-18	blaEC-18	WP_063860256.1	-	-	-	-	Gene presence detected	acquired	ceftazidime	-	nonwildtype	R	MIC >4 mg/L	EUCAST v15.0 (2025)	-	15388478, 16801449	ECO:0001103 natural variation mutant evidence	high	-	MIC increase from 0.06 to 128 mg/L (PMID: 15388478,16801449)
ECO0073	562	s__Escherichia coli	blaEC-18	blaEC-18	WP_063860256.1	-	-	-	-	Gene presence detected	acquired	aztreonam	-	wildtype	S	MIC <=1 mg/L	EUCAST v15.0 (2025)	-	15388478, 16801449	ECO:0001103 natural variation mutant evidence	high	-	No change in MIC (0.06 mg/L) (PMID: 15388478,16801449)
ECO0074	562	s__Escherichia coli	blaEC-19	blaEC-19	WP_063860263.1	-	-	-	-	Gene presence detected	acquired	amoxicillin	-	nonwildtype	R	MIC >8 mg/L	EUCAST v15.0 (2025)	-	15388478	ECO:0001103 natural variation mutant evidence	high	-	MIC increase from 2 to >512 mg/L (PMID: 15388478)
ECO0075	562	s__Escherichia coli	blaEC-19	blaEC-19	WP_063860263.1	-	-	-	-	Gene presence detected	acquired	piperacillin	-	wildtype	S	MIC <=8 mg/L	EUCAST v15.0 (2025)	-	15388478	ECO:0001103 natural variation mutant evidence	high	-	MIC increase from 1 to 8 mg/L (PMID: 15388478)
ECO0076	562	s__Escherichia coli	blaEC-19	blaEC-19	WP_063860263.1	-	-	-	-	Gene presence detected	acquired	cefoxitin	-	nonwildtype	R	MIC >16 mg/L	ECOFF (May 2025)	-	15388478	ECO:0001103 natural variation mutant evidence	high	-	MIC increase from 2 to 128 mg/L (PMID: 15388478)
ECO0077	562	s__Escherichia coli	blaEC-19	blaEC-19	WP_063860263.1	-	-	-	-	Gene presence detected	acquired	cefuroxime	-	nonwildtype	R	MIC >8 mg/L	ECOFF (May 2025)	-	15388478	ECO:0001103 natural variation mutant evidence	high	-	MIC increase from 0.5 to 32 mg/L (PMID: 15388478)
ECO0078	562	s__Escherichia coli	blaEC-19	blaEC-19	WP_063860263.1	-	-	-	-	Gene presence detected	acquired	cefotaxime	-	wildtype	S	MIC <=1 mg/L	EUCAST v15.0 (2025)	-	15388478	ECO:0001103 natural variation mutant evidence	high	-	MIC increase from <0.06 to 0.5 mg/L (PMID: 15388478)
ECO0079	562	s__Escherichia coli	blaEC-19	blaEC-19	WP_063860263.1	-	-	-	-	Gene presence detected	acquired	ceftazidime	-	wildtype	S	MIC <=1 mg/L	EUCAST v15.0 (2025)	-	15388478	ECO:0001103 natural variation mutant evidence	high	-	MIC increase from 0.06 to 1 mg/L (PMID: 15388478)
ECO0080	562	s__Escherichia coli	blaEC-19	blaEC-19	WP_063860263.1	-	-	-	-	Gene presence detected	acquired	aztreonam	-	wildtype	S	MIC <=1 mg/L	EUCAST v15.0 (2025)	-	15388478	ECO:0001103 natural variation mutant evidence	high	-	No change in MIC (0.06 mg/L) (PMID: 15388478)
ECO0081	562	s__Escherichia coli	pmrB	-	WP_001300761.1	-	-	ARO:3003583	p.Tyr358Asn	Protein variant detected	core	colistin	-	wildtype	S	MIC <=2 mg/L	EUCAST v15.0 (2025)	-	39162501	ECO:0001113 point mutation phenotypic evidence, ECO:0001103 natural variation mutant evidence	moderate	statistical geno/pheno evidence but no experimental evidence	Natural polymorphism, not associated with resistance. Very common (>90%) in Clermont clade B1 (n=53783/55130) and C (n=5496/5552), Shigella dysenteriae (n=916/934), Shigella flexneri (n=9953/9964); based on Enterobase as at October 2024.
ECO0082	562	s__Escherichia coli	glpT	-	WP_000948731.1	-	-	ARO:3003889	p.Glu448Lys	Protein variant detected	core	fosfomycin	-	wildtype	S	MIC <=8 mg/L	EUCAST v15.0 (2025)	-	32847131	ECO:0001113 point mutation phenotypic evidence, ECO:0001103 natural variation mutant evidence	moderate	statistical geno/pheno evidence but no experimental evidence	Natural polymorphism, not associated with resistance. Very common (>90%) in Clermont clades B1 (54952/5513), B2 (34361/36252), C (5448/5552), D (15151/15207), E (21826/21893), F (4159/4171), G (3297/3307) and Shigella sonnei (13751/13849), Shigella flexneri (9959/9964), Shigella boydii (815/818), Shigella dysenteriae (934/934); common (57%) in Clermont clade A (28543/49862); based on Enterobase as at October 2024. This mutation was removed from NCBI refgene and CARD in 2025.
ECO0083	562	s__Escherichia coli	mdfA	-	WP_001180089.1	-	-	ARO:3001328	-	Gene presence detected	core	azithromycin	-	wildtype	S	MIC <=16 mg/L	ECOFF (May 2025)	-	9079913	ECO:0001103 natural variation mutant evidence	moderate	statistical geno/pheno evidence but no experimental evidence	Gene tagged as confering resistance to macrolides in some databases, but there is no demonstrated effect on azithromycin (PMID: 9079913).
ECO0084	562	s__Escherichia coli	blaEC	blaEC	-	NF000185.2	-	ARO:3005406	-	Gene presence detected	core	cefepime	-	wildtype	S	MIC <=1 mg/L	EUCAST v16.0 (2026)	-	6795623, 12821459	ECO:0001103 natural variation mutant evidence	high	-	Core gene, not inducing resistance in normal conditions due to low expression level. Very common in E. coli (96.5%, n=199920/207180), including all Clermont clades and Shigella spp; based on Enterobase as at October 2024.
ECO0085	562	s__Escherichia coli	blaEC	blaEC	-	NF000185.2	-	ARO:3005406	-	Gene presence detected	core	cefpirome	-	wildtype	S	MIC <=0.25 mg/L	ECOFF (January 2024)	-	6795623, 12821459	ECO:0001103 natural variation mutant evidence	high	-	Core gene, not inducing resistance in normal conditions due to low expression level. Very common in E. coli (96.5%, n=199920/207180), including all Clermont clades and Shigella spp; based on Enterobase as at October 2024.
ECO0086	562	s__Escherichia coli	blaEC	blaEC	-	NF000185.2	-	ARO:3005406	p.Gly286_Asp288del	Protein variant detected	core	cefepime	-	nonwildtype	I	MIC >1 mg/L and MIC <=4 mg/L	EUCAST v16.0 (2026)	-	15215122	ECO:0001113 point mutation phenotypic evidence	moderate	lacks evidence across diverse allelic backgrounds	In a blaEC-2 genetic background (HKY28 clone), this deletion increases the MIC for cefepime from 0.03 to 4 mg/L (ESAC phenotype). Phenotypic effect in wildtype blaEC background not established.
ECO0087	562	s__Escherichia coli	blaEC	blaEC	-	NF000185.2	-	ARO:3005406	p.Gly286_Asp288del	Protein variant detected	core	cefpirome	-	nonwildtype	R	MIC >0.25 mg/L	ECOFF (January 2024)	-	15215122	ECO:0001113 point mutation phenotypic evidence	moderate	lacks evidence across diverse allelic backgrounds	In a blaEC-2 genetic background (HKY28 clone), this deletion increases the MIC for cefepime from 0.03 to 4 mg/L (ESAC phenotype). Phenotypic effect in wildtype blaEC background not established.
ECO0088	562	s__Escherichia coli	blaEC	blaEC	-	NF000185.2	-	ARO:3005406	p.Gly286_Asp288del	Protein variant detected	core	ceftazidime	-	nonwildtype	I	MIC >1 mg/L and MIC <=4 mg/L	EUCAST v16.0 (2026)	-	15215122	ECO:0001113 point mutation phenotypic evidence	moderate	lacks evidence across diverse allelic backgrounds	In a blaEC-2 genetic background (HKY28 clone), this deletion increases the MIC for cefepime from 0.03 to 4 mg/L (ESAC phenotype). Phenotypic effect in wildtype blaEC background not established.
ECO0089	562	s__Escherichia coli	blaEC	blaEC	-	NF000185.2	-	ARO:3005406	p.Ser287Asn	Protein variant detected	core	cefepime	-	nonwildtype	R	MIC >4 mg/L	EUCAST v16.0 (2026)	-	16801449, 24592257, 19892478	ECO:0005027 genetic transformation evidence	high	-	This mutation increases the MIC for cefepime from 0.06 to 16 mg/L (16801449) and from 0.023 to 8 mg/L (24592257) (ESAC phenotype).
ECO0090	562	s__Escherichia coli	blaEC	blaEC	-	NF000185.2	-	ARO:3005406	p.Ser287Asn	Protein variant detected	core	cefpirome	-	nonwildtype	R	MIC >0.25 mg/L	ECOFF (January 2024)	-	16801449	ECO:0005027 genetic transformation evidence	high	-	This mutation increases the MIC for cefpirome from 0.06 to 16 mg/L (ESAC phenotype).
ECO0091	562	s__Escherichia coli	blaEC	blaEC	-	NF000185.2	-	ARO:3005406	p.Ser287Asn	Protein variant detected	core	ceftazidime	-	nonwildtype	R	MIC >4 mg/L	EUCAST v16.0 (2026)	-	16801449, 24592257, 19892478	ECO:0005027 genetic transformation evidence	high	-	This mutation increases the MIC for ceftazidime from 1 to 512 mg/L (16801449) and from 0.19 to >256 mg/L (24592257) (ESAC phenotype).
ECO0092	562	s__Escherichia coli	blaEC	blaEC	-	NF000185.2	-	ARO:3005406	p.Ser287Cys	Protein variant detected	core	cefepime	-	nonwildtype	S	MIC <=1 mg/L	EUCAST v16.0 (2026)	-	16801449, 24592257	ECO:0005027 genetic transformation evidence	high	-	This mutation increases the MIC for cefepime from 0.06 to 1 mg/L (ESAC phenotype). Note this is very close to the EUCAST breakpoint (S <=1 mg/L) so some isolates may test as R (within 1 doubling dilution).
ECO0093	562	s__Escherichia coli	blaEC	blaEC	-	NF000185.2	-	ARO:3005406	p.Ser287Cys	Protein variant detected	core	cefpirome	-	nonwildtype	R	MIC >0.25 mg/L	ECOFF (January 2024)	-	16801449	ECO:0005027 genetic transformation evidence	high	-	This mutation increases the MIC for cefpirome from 0.06 to 1 mg/L (ESAC phenotype).
ECO0094	562	s__Escherichia coli	blaEC	blaEC	-	NF000185.2	-	ARO:3005406	p.Ser287Cys	Protein variant detected	core	ceftazidime	-	nonwildtype	R	MIC >4 mg/L	EUCAST v16.0 (2026)	-	16801449, 24592257	ECO:0005027 genetic transformation evidence	high	-	This mutation increases the MIC for ceftazidime from 1 to 512 mg/L (ESAC phenotype).
ECO0095	562	s__Escherichia coli	blaEC	blaEC	-	NF000185.2	-	ARO:3005406	p.Ala292Val	Protein variant detected	core	cefepime	-	nonwildtype	S	MIC <=1 mg/L	EUCAST v16.0 (2026)	-	24592257	ECO:0005027 genetic transformation evidence	high	-	This mutation increases the MIC for cefepime from 0.023 to 0.38 mg/L (non-ESAC phenotype).
ECO0096	562	s__Escherichia coli	blaEC	blaEC	-	NF000185.2	-	ARO:3005406	p.Ala292Val	Protein variant detected	core	ceftazidime	-	nonwildtype	R	MIC >4 mg/L	EUCAST v16.0 (2026)	-	24592257	ECO:0005027 genetic transformation evidence	high	-	This mutation increases the MIC for ceftazidime from 0.19 to 32 mg/L (non-ESAC phenotype).
ECO0097	562	s__Escherichia coli	blaEC	blaEC	-	NF000185.2	-	ARO:3005406	p.Leu293Pro	Protein variant detected	core	cefepime	-	nonwildtype	R	MIC >4 mg/L	EUCAST v16.0 (2026)	-	19892478	ECO:0001103 natural variation mutant evidence	moderate	lacks evidence across diverse allelic backgrounds	MIC 8 mg/L for cefepime in clinical isolate (ESAC phenotype).
ECO0098	562	s__Escherichia coli	blaEC	blaEC	-	NF000185.2	-	ARO:3005406	p.Leu293Pro	Protein variant detected	core	ceftazidime	-	nonwildtype	R	MIC >4 mg/L	EUCAST v16.0 (2026)	-	19892478	ECO:0001103 natural variation mutant evidence	moderate	lacks evidence across diverse allelic backgrounds	MIC 24 mg/L for ceftazidime in clinical isolate (ESAC phenotype).
ECO0099	562	s__Escherichia coli	blaEC	blaEC	-	NF000185.2	-	ARO:3005406	p.His296Pro	Protein variant detected	core	cefepime	-	nonwildtype	I	MIC >1 mg/L and MIC <=4 mg/L	EUCAST v16.0 (2026)	-	16801449, 24592257, 19892478	ECO:0005027 genetic transformation evidence	high	-	This mutation increases the MIC for cefepime from 0.06 to 2 mg/L (16801449) and from 0.023 to 4 mg/L (24592257) (ESAC phenotype).
ECO0100	562	s__Escherichia coli	blaEC	blaEC	-	NF000185.2	-	ARO:3005406	p.His296Pro	Protein variant detected	core	cefpirome	-	nonwildtype	R	MIC >0.25 mg/L	ECOFF (January 2024)	-	16801449	ECO:0005027 genetic transformation evidence	high	-	This mutation increases the MIC for cefpirome from 0.06 to 2 mg/L (ESAC phenotype).
ECO0101	562	s__Escherichia coli	blaEC	blaEC	-	NF000185.2	-	ARO:3005406	p.His296Pro	Protein variant detected	core	ceftazidime	-	nonwildtype	R	MIC >4 mg/L	EUCAST v16.0 (2026)	-	16801449, 24592257, 19892478	ECO:0005027 genetic transformation evidence	high	-	This mutation increases the MIC for ceftazidime from 1 to 512 mg/L (16801449) and from 0.19 to >256 mg/L (24592257) (ESAC phenotype).
ECO0102	562	s__Escherichia coli	blaEC	blaEC	-	NF000185.2	-	ARO:3005406	p.Val298Leu	Protein variant detected	core	cefepime	-	nonwildtype	R	MIC >4 mg/L	EUCAST v16.0 (2026)	-	16801449, 19892478	ECO:0005027 genetic transformation evidence	high	-	This mutation increases the MIC for cefepime from 0.06 to 16 mg/L (ESAC phenotype).
ECO0103	562	s__Escherichia coli	blaEC	blaEC	-	NF000185.2	-	ARO:3005406	p.Val298Leu	Protein variant detected	core	cefpirome	-	nonwildtype	R	MIC >0.25 mg/L	ECOFF (January 2024)	-	16801449	ECO:0005027 genetic transformation evidence	high	-	This mutation increases the MIC for cefpirome from 0.06 to 16 mg/L (ESAC phenotype).
ECO0104	562	s__Escherichia coli	blaEC	blaEC	-	NF000185.2	-	ARO:3005406	p.Val298Leu	Protein variant detected	core	ceftazidime	-	nonwildtype	R	MIC >4 mg/L	EUCAST v16.0 (2026)	-	16801449, 19892478	ECO:0005027 genetic transformation evidence	high	-	This mutation increases the MIC for ceftazidime from 1 to 512 mg/L (ESAC phenotype).
ECO0105	562	s__Escherichia coli	blaEC	blaEC	-	NF000185.2	-	ARO:3005406	p.Val350Phe	Protein variant detected	core	cefepime	-	nonwildtype	I	MIC >1 mg/L and MIC <=4 mg/L	EUCAST v16.0 (2026)	-	16801449	ECO:0005027 genetic transformation evidence	high	-	This mutation increases the MIC for cefepime from 0.06 to 4 mg/L (ESAC phenotype). In combination with other mutations, it was also found in non-ESAC strains. This substitution is responsible for extended-spectrum hydrolysis in AmpC from E. coli belonging to phylogroup B1 but not in AmpC from E. coli belonging to phylogroup B2, suggesting that other residues may contribute to modify the hydrolysis spectrum in combination with this substitution.
ECO0106	562	s__Escherichia coli	blaEC	blaEC	-	NF000185.2	-	ARO:3005406	p.Val350Phe	Protein variant detected	core	cefpirome	-	nonwildtype	R	MIC >0.25 mg/L	ECOFF (January 2024)	-	16801449	ECO:0005027 genetic transformation evidence	high	-	This mutation increases the MIC for cefepime from 0.06 to 4 mg/L (ESAC phenotype). In combination with other mutations, it was also found in non-ESAC strains. This substitution is responsible for extended-spectrum hydrolysis in AmpC from E. coli belonging to phylogroup B1 but not in AmpC from E. coli belonging to phylogroup B2, suggesting that other residues may contribute to modify the hydrolysis spectrum in combination with this substitution.
ECO0107	562	s__Escherichia coli	blaEC	blaEC	-	NF000185.2	-	ARO:3005406	p.Val350Phe	Protein variant detected	core	ceftazidime	-	nonwildtype	R	MIC >4 mg/L	EUCAST v16.0 (2026)	-	16801449	ECO:0005027 genetic transformation evidence	high	-	This mutation increases the MIC for cefepime from 0.06 to 4 mg/L (ESAC phenotype). In combination with other mutations, it was also found in non-ESAC strains. This substitution is responsible for extended-spectrum hydrolysis in AmpC from E. coli belonging to phylogroup B1 but not in AmpC from E. coli belonging to phylogroup B2, suggesting that other residues may contribute to modify the hydrolysis spectrum in combination with this substitution.
ECO0108	562	s__Escherichia coli	blaEC	blaEC	-	NF000185.2	-	ARO:3005406	p.Ala215Val	Protein variant detected	core	cefepime	-	nonwildtype	S	MIC <=1 mg/L	EUCAST v16.0 (2026)	-	24592257	ECO:0005027 genetic transformation evidence	high	-	This mutation increases the MIC for cefepime from 0.023 to 0.125 mg/L (non-ESAC phenotype).
ECO0109	562	s__Escherichia coli	blaEC	blaEC	-	NF000185.2	-	ARO:3005406	p.Ala215Val	Protein variant detected	core	ceftazidime	-	nonwildtype	R	MIC >4 mg/L	EUCAST v16.0 (2026)	-	24592257	ECO:0005027 genetic transformation evidence	high	-	This mutation increases the MIC for ceftazidime from 0.19 to 16 mg/L (non-ESAC phenotype).
ECO0110	562	s__Escherichia coli	blaEC	blaEC	-	NF000185.2	-	ARO:3005406	p.294_295insAlaAla	Protein variant detected	core	cefepime	-	nonwildtype	R	MIC >4 mg/L	EUCAST v16.0 (2026)	-	17586561	ECO:0005027 genetic transformation evidence	high	-	This mutation increases the MIC for cefepime from 0.06 to 16 mg/L (ESAC phenotype).
ECO0111	562	s__Escherichia coli	blaEC	blaEC	-	NF000185.2	-	ARO:3005406	p.294_295insAlaAla	Protein variant detected	core	cefpirome	-	nonwildtype	R	MIC >0.25 mg/L	ECOFF (January 2024)	-	17586561	ECO:0005027 genetic transformation evidence	high	-	This mutation increases the MIC for cefpirome from 0.06 to 8 mg/L (ESAC phenotype).
ECO0112	562	s__Escherichia coli	blaEC	blaEC	-	NF000185.2	-	ARO:3005406	p.294_295insAlaAla	Protein variant detected	core	ceftazidime	-	nonwildtype	R	MIC >4 mg/L	EUCAST v16.0 (2026)	-	17586561	ECO:0005027 genetic transformation evidence	high	-	This mutation increases the MIC for ceftazidime from 1 to 256 mg/L (ESAC phenotype).
ECO0113	562	s__Escherichia coli	blaEC	blaEC	-	NF000185.2	-	ARO:3005406	p.Ala292Val	Protein variant detected	core	cefpirome	-	nonwildtype	R	MIC >0.25 mg/L	ECOFF (January 2024)	-	24592257	ECO:0005027 genetic transformation evidence	low	lacks evidence for this drug	This mutation increases the MIC for ceftazidime from 0.19 to 32 mg/L (non-ESAC phenotype). Cefpirome was not specifically tested but as the mechanism is shared it is assumed the MIC to cefpirome would also be increased.
ECO0114	562	s__Escherichia coli	blaEC	blaEC	-	NF000185.2	-	ARO:3005406	p.Leu293Pro	Protein variant detected	core	cefpirome	-	nonwildtype	R	MIC >0.25 mg/L	ECOFF (January 2024)	-	19892478	ECO:0001103 natural variation mutant evidence	low	lacks evidence for this drug	MIC 8 mg/L for cefepime and MIC 24 mg/L for ceftazidime in clinical isolate (ESAC phenotype). Cefpirome was not specifically tested but as the mechanism is shared it is assumed the MIC to cefpirome would also be increased.
ECO0115	562	s__Escherichia coli	blaEC	blaEC	-	NF000185.2	-	ARO:3005406	p.Ala215Val	Protein variant detected	core	cefpirome	-	nonwildtype	R	MIC >0.25 mg/L	ECOFF (January 2024)	-	24592257	ECO:0005027 genetic transformation evidence	low	lacks evidence for this drug	This mutation increases the MIC for ceftazidime from 0.19 to 16 mg/L (non-ESAC phenotype). Cefpirome was not specifically tested but as the mechanism is shared it is assumed the MIC to cefpirome would also be increased.